,inputs,targets
0,สงครามยุทธหัตถี เกิดขึ้นเมื่อไรและอย่างไร,สงครามยุทธหัตถี เป็นสงครามที่เกิดขึ้นในปี พ.ศ. 2135 ระหว่างกรุงศรีอยุธยากับกรุงหงสาวดี ผลของสงครามครั้งนั้นปรากฏว่าอยุธยาเป็นฝ่ายชนะถึงแม้จะมีกำลังพลน้อยกว่า สงครามครั้งนี้มีความโดดเด่นในการต่อสู้ระหว่างพระนเรศวรกับอุปราชมังกะยอชวา สงครามนี้เป็นการปลดปล่อยสยามจากการครอบครองของพม่าต่อไปเป็นระยะเวลา 175 ปีจนถึง พ.ศ. 2310
1,นิยายไซไฟคืออะไร,นิยายไซไฟ คือ นิยายที่เสนอมุมมองเกี่ยวกับผลกระทบต่อบุคคลหรือสังคม จากวิทยาศาสตร์หรือเทคโนโลยีในจินตนาการ บันเทิงคดีแนววิทยาศาสตร์
2,E = mc^2 กล่าวว่าอะไร,มวลขนาดเล็กจิ๋วสามารถแปลงไปเป็นพลังงานปริมาณมหาศาลได้
3,เมตาเวิร์สคืออะไร,เมตาเวิร์ส (Metaverse) หรือ จักรวาลนฤมิต เป็นการนำเทคโนโลยีโลกเสมือนกับโลกจริงเข้าด้วยกัน
4,สตีเฟน วิลเลียม ฮอว์กิงเป็นใคร,สตีเฟน วิลเลียม ฮอว์กิงเป็นนักฟิสิกส์ทฤษฎี นักจักรวาลวิทยา และนักเขียน ศาสตราจารย์ประจำมหาวิทยาลัยเคมบริดจ์
5,อาณาจักรล้านช้างคืออะไร อยู่ในช่วงปีไหนและปัจจุบันคือที่ไหน,อาณาจักรล้านช้าง คือ อาณาจักรของชนชาติลาวซึ่งตั้งอยู่ในแถบลุ่มแม่น้ำโขง มีอาณาเขตอยู่ในบริเวณประเทศลาวทั้งหมด ตลอดจนพื้นที่บางส่วนทางภาคตะวันออกเฉียงเหนือของไทย สถาปนาโดยพระเจ้าฟ้างุ้มเมื่อ พ.ศ.1896 จนถึง พ.ศ.2321 เมืองหลวงอาณาจักรนี้หลวงพระบางและเวียงจันทน์ในปัจจุบัน
6,บ้านแห่งชาวโซเวียต อยู่ที่ไหน,บ้านแห่งชาวโซเวียต (House of Soviets) อยู่ที่ใจกลางนครคาลีนินกราด แคว้นคาลินินกราด รัสเซีย
7,สี่แผ่นดินมีเรื่องราวแบบสรุป ๆ อย่างไร,"เนื้อหาพรรณนาถึงครอบครัวหนึ่งที่อาศัยอยู่ในรัชสมัยของพระมหากษัตริย์ 4 พระองค์ เริ่มจากสิ้นรัชกาลพระบาทสมเด็จพระจุลจอมเกล้าเจ้าอยู่หัวในปี พ.ศ. 2453 จนถึงการสวรรคตของพระบาทสมเด็จพระเจ้าอยู่หัวอานันทมหิดลในปี พ.ศ.2489 ตัวละครเอก ชื่อ ""พลอย"" เป็นหญิงในตระกูลขุนนางเก่าที่มีชีวิตอยู่แต่ในรั้ววัง ใกล้ชิดกับราชสำนัก ต่อมาออกมานอกวังแต่งงานกับ ""เปรม"" หลังการปฏิวัติสยาม พ.ศ. 2475 ค่านิยมแบบเก่าของพลอยถูกกระทบกระเทือน และเกิดความขัดแย้งทางการเมืองในบรรดาบุตรธิดาสามคน ต่อมารัฐบาลออกกฎหมายปรับเปลี่ยนวิถีชีวิตให้เป็นแบบตะวันตก ในช่วงสงครามบ้านถูกระเบิดต้องย้ายกลับไปอยู่บ้านเกิด พลอยป่วยหนักเมื่อทราบว่าบุตรชายเสียชีวิต จนเสียชีวิตตามไปพร้อมกับรัชกาลที่ 8"
8,สรุปเรื่องราว ความสุขของกะทิ ให้หน่อย,ความสุขของกะทิ เล่าเรื่องราวของน้องกะทิ เด็กหญิงวัย 9 ขวบที่กำลังจะต้องสูญเสียแม่ ซึ่งป่วยเป็นโรคกล้ามเนื้ออ่อนแรง แม่รู้ตัวดีว่าไม่สามารถเลี้ยงดูกะทิได้ จึงฝากกะทิให้ตากับยายเลี้ยง กะทิเติบโตมาด้วยความรักของตาและยาย มีชีวิตอย่างสุขสบายในบ้านหลังน้อยริมคลองอันอบอุ่น
9,soft power คืออะไร,ซอฟต์พาวเวอร์ (soft power) หรือ มานานุภาพ หรือ พลังเย็น ในวิชาการเมือง โดยเฉพาะอย่างยิ่งความสัมพันธ์ระหว่างประเทศ หมายถึง ความสามารถในการดึงดูดและสร้างการมีส่วนร่วม โดยไม่ต้องบังคับหรือให้เงิน ในปัจจุบันใช้ในกรณีของการเปลี่ยนแปลงและสร้างอิทธิพลต่อความคิดของสังคมและประชาชนในประเทศอื่น
16,CRISPR คืออะไร,คริสเปอร์ (CRISPR) เป็นวงศ์ของลำดับดีเอ็นเอในแบคทีเรีย ซึ่งในลำดับมีส่วนของดีเอ็นเอ จากไวรัสที่เคยโจมตีแบคทีเรียนั้น แบคทีเรียใช้ส่วนเหล่านี้ในการตรวจหาและทำลายดีเอ็นเอจากไวรัสที่คล้ายกันในการโจมตีครั้งถัดไป ลำดับเหล่านี้ทำหน้าที่สำคัญในระบบภูมิคุ้มกันของแบคทีเรีย
17,รางวัลหมู่บ้านที่สะอาดที่สุดในโลกใน ค.ศ. 2016 เป็นของที่ไหน,เป็นของหมู่บ้านเปิงลีปูรันในเกาะบาหลี ประเทศอินโดนีเซีย
18,เพลงสรรเสริญธงชาติบราซิลมีการบรรเลงครั้งแรกเมื่อใด,มีการบรรเลงอย่างเป็นทางการครั้งแรกเมื่อวันที่ 9 พฤศจิกายน ค.ศ. 1906
19,ถ้ำเจ้ารามอยู่ที่ไหน,อยู่ที่เขตรักษาพันธุ์สัตว์ป่าถ้ำเจ้าราม จังหวัดสุโขทัย
20,"หนังสือ The Third Chimpanzee, Guns, Germs, and Steel (ปืน เชื้อโรค และเหล็กกล้ากับชะตากรรมของสังคมมนุษย์) เป็นผลงานของใคร",เป็นผลงานของ จาเร็ด ไดมอนด์ (Jared Diamond)
21,อาลฟา กงเด ดำรงตำแหน่งประธานาธิบดีกินีคนที่ 4 ช่วงเวลาใด,อาลฟา กงเด ดำรงตำแหน่งประธานาธิบดีกินีคนที่ 4 ช่วงวันที่ 21 ธันวาคม พ.ศ. 2553 – 5 กันยายน พ.ศ. 2564
22,เอเอ็นโอซีเวิร์ลบีชเกมส์ 2023 (2023 World Beach Games) ถึงถูกยกเลิกการจัดงานเพราะเหตุใด,เพราะคณะกรรมการโอลิมปิกของอินโดนีเซีย (KOI) ถอนตัวจากการเป็นเจ้าภาพจัดการแข่งขัน เอเอ็นโอซีเวิร์ลบีชเกมส์ 2023 เนื่องจากไม่ได้รับเงินทุนสนับสนุนจากรัฐบาลอินโดนีเซีย และไม่มีเวลาเพียงพอที่จะส่งต่อการเป็นเจ้าภาพให้แก่ชาติอื่น
23,องค์การนานารัฐอเมริกาจัดตั้งขึ้นด้วยวัตถุประสงค์ใเ,"องค์การนานารัฐอเมริกา (Organization of American States, OAS) ถูกจัดตั้งขึ้นมีวัตถุประสงค์เพื่อให้ความร่วมมือทางการเมือง เศรษฐกิจและการศาล สังคม วัฒนธรรม และสันติภาพ รวมถึงให้ความช่วยเหลือทางด้านทหารในกรณีที่รัฐสมาชิกใดถูกรุกราน"
24,ปี่นอกมีความยาวกับความกว้างเท่าใด,มีความยาวประมาณ 31 เซนติเมตร มึความกว้างประมาณ 3.5 เซนติเมตร
25,ภาษากิมมุนถูกใช้งานในประเทศใดบ้าง,ประเทศจีน ประเทศลาว และประเทศเวียดนาม
26,ริงคาคิง เป็นสมาคมมวยปล้ำอาชีพที่ไหน,ริงคาคิง เป็นสมาคมมวยปล้ำอาชีพที่อินเดีย
28,คณะกรรมการสุขาภิบาลมีใครบ้าง,กำนัน หัวหน้าประจำหมู่บ้าน และพ่อค้าในท้องที่
29,วัดทุ่งสีหลงมีความเป็นมาอย่างไร,วัดทุ่งสีหลง เดิมชื่อว่า วัดทุ่งตาสีหลง แต่เดิมบริเวณนี้เป็นทุ่งนากับป่าไม้ มีชายแก่คนหนึ่งชื่อตาสี ได้มาต่อนกในทุ่งจนพลบค่ำ แต่หลงทางกลับบ้านไม่ได้ ทุ่งนี้จึงได้ชื่อว่า ทุ่งตาสีหลง ต่อมาพูดสั้นลงเหลือ ทุ่งสีหลง ต่อมาได้นำชื่อนี้มาตั้งชื่อวัด
30,ทำไมเราจึงควรอ่านหนังสือ,การอ่านหนังสือเป็นการเพิ่มพูนความรู้ ความบันเทิงผ่านตัวอักษร ให้คุณสามารถปลดปล่อยจินตนาการไปกับตัวอักษร ดังนั้นเราควรอ่านหนังสือ
31,ทำไมภาษาไทยกับภาษาลาวมีภาษาที่ใกล้เคียงกัน,สาเหตุที่ภาษาไทยกับภาษาลาวมีความใกล้เคียงกันมาจากที่ทั้งสองภาษาอยู่ในกลุ่มภาษาเดียวกัน คือ กลุ่มภาษาไท จึงทำให้ภาษาทั้งสองมีความใกล้เคียงกัน นอกจากนี้ตามประวัติศาสตร์ประเทศไทยกับประเทศลาวมีความเกี่ยวข้องกันในทางประวัติศาสตร์จึงทำให้ภาษามีความใกล้เคียงกันอีกด้วย
32,ทำไมเราถึงควรเรียนรู้ภาษาอังกฤษ,เพราะภาษาอังกฤษเป็นที่นิยมใช้งานกันทั่วโลก และเป็นหนึ่งในภาษาสากล ดังนั้นหากต้องติดต่อกับชาวต่างชาติควรมีความรู้ภาษาอังกฤษเพื่อใช้ในการสื่อสาร
33,ภาวะโลกร้อนส่งผลกระทบอย่างไรกับชาวนา,ภาวะโลกร้อนส่งผลกระทบกับชาวนา ทำให้ฝนตกไม่ตรงตามฤดูกาล เกิดภับแล้งหรือน้ำท่วม ทำให้ผลผลิตนาข้าวได้รับความเสียหาย ได้ผลผลิตน้อยลงอันเนื่องมาจากภาวะโลกร้อน
34,จินตนาการ คืออะไร?,จินตนาการ คือ ความสามารถในการสร้างภาพในสมอง
35,ทำไมเราควรตรวจสุขภาพอย่างน้อยปีละครั้ง,การตรวจสุขภาพเป็นการทดสอบหรือประเมินสุขภาพร่างกายของคุณ ซึ่งเป็นผลดีต่อคุณเอง การตรวจสุขภาพช่วยให้คุณสามารถดูแลรักษาสุขภาพร่างกายของคุณได้อย่างตรงจุด หรือหากตรวจเจอโรคต่าง ๆ จะสามารถรักษาได้ทันเวลา ดังนั้นคุณจึงควรตรวจสุขภาพอย่างน้อยปีละครั้ง
36,ป้าข้างบ้าน คือใคร ทำไมถึงถูกพูดถึงบ่อยครั้ง,ป้าข้างบ้าน หมายถึง เพื่อนบ้านที่เป็นผู้หญิงที่ใกล้เคียงกับบ้านของตัวเอง โดยมักชอบนินทา หรือ พูดคุยอย่างดูถูกเพื่อนบ้านของตัวเอง เช่น เปรียบเทียบลูกหลานของตนกับลูกหลานของเพื่อนบ้าน หรือแสดงความคิดเห็นที่ยกตน/ฐานะของตน ดีกว่าบุคคลอื่นที่เป็นเพื่อนบ้าน สำหรับนิสัยดังกล่าวมาจากนิสัยกับการอบรมสั่งสอนของบุคคลดังกล่าว ทำให้เพื่อนบ้านได้รับเสียงกดดันหรือนินทา จนเพื่อนบ้านเกิดความแค้นต้องการเอาชนะป้าเพื่อนบ้าน ทำให้เกิด ป้าข้างบ้าน เกิดขึ้น การที่สังคมไทยมีป้าข้างบ้านขึ้น บ่งบอกได้ถึงคุณภาพของสังคมไทยที่ต้องการการเปลี่ยนแปลงเพื่อให้ผู้คนมีความเจริญทั้งทางทรัพย์สินและจิตใจให้สมกับที่เป็นมนุษย์
37,วัวสามารถบินได้ด้วยตัวเองไหม,วัวไม่สามารถบินได้ด้วยตัวเอง ต้องอาศัยเครื่องมือและความช่วยเหลือจากมนุษย์
38,มีปลาที่บินได้ไหม,มี ปลาที่บินได้คือ ปลานกกระจอก หรือ ปลาบิน เป็นวงศ์ของปลากระดูกแข็งวงศ์หนึ่ง ใช้ชื่อวิทยาศาสตร์ว่า Exocoetidae
39,ถ้าอยากให้หนังสือบินตามเราได้ ควรทำอย่างไร?,การทำให้หนังสือสามารถบินตามคุณได้ คุณควรคิดเกี่ยวกับน้ำหนักหนังสือที่คุณต้องการที่จะให้บินตาม และหาโดรนที่มีใบพัดที่สามารถรับน้ำหนักหนังสือได้ กับมีฟังก์ชันสามารถบินตามผู้ใช้งานได้มาดัดแปลงใช้งานอยู่ หรือคุณอาจจะลองประดิษฐ์โดรนขนหนังสือตามคุณได้ ถึงแม้จะใช้เวลาหน่อย แต่รับรองว่าคุ้มค่า
40,วางแผนเที่ยวอย่างไรดี,ในการวางแผนเที่ยว คุณควรศึกษาสถานที่อยากท่องเที่ยวให้เรียบร้อย เช่น เวลาเปิดปิด การเปิดทำการ รวมถึงราคาเข้าสถานที่ และวางแผน ศึกษาเส้นทาง การเดินทางไปสถานที่ดังกล่าว
41,คิดอย่างไรกับคนที่ใช้ AI สร้างข่าวปลอม,ข่าวปลอมที่สร้างด้วย AI เป็นข่าวที่มีคุณภาพต่ำ เนื่องจากเป็นข่าวปลอม ที่คนที่สั่งให้ AI สร้างต้องการข่าวปลอมตามที่ต้องการ หากข่าวปลอมนั้นส่วผลกระทบต่อบุคคลหรือสังคมย่อมเป็นการกระทำที่เลวร้ายและผิดกฎหมาย หากกระทำดังกล่าวควรถูกดำเนินคดีทางกฎหมาย
42,ชาติใดเป็นชาติแรกที่ส่งมนุษย์ไปดวงจันทร์ได้สำเร็จเป็นชาติแรก,สหรัฐอเมริกา เป็นชาติแรกของโลกที่สามารถส่งมนุษย์ไปดวงจันทร์ได้สำเร็จ จากโครงการอะพอลโล 11
43,โลกเราแบนหรือกลม,โลกเราเป็นทรงกลม ไม่ได้แบน เรื่องนี้สามารถพิสูจน์ได้และเป็นข้อเท็จจริงทางวิทยาศาสตร์ ทั้งการขึ้นลงของดวงอาทิตย์ ภาพถ่ายโดยดาวเทียมจากนอกโลก และอื่น ๆ เป็นต้น
44,โลกเป็นศูนย์กลางของจักรวาลหรือไม่,ไม่ จากหลักฐานทางวิทยาศาสตร์พบว่า โลกเราไม่ได้เป็นศูนย์กลางของจักรวาล โลกเป็นเพียงดาวเคราะห์ดวงหนึ่งที่โคจรรอบดาวฤกษ์ที่โคจรรอบดาราจักรอีกทีหนึ่ง
45,ทำไมโปรแกรมแปลภาษาถึงไม่สามารถแปลภาษาให้เหมือนมนุษย์แปลได้แบบ 100%,เพราะปัจจุบันโปรแกรมแปลภาษาต้องอาศัยข้อมูลแปลในการฝึกฝนแบบจำลองในการแปลภาษา ด้วยการเรียนรู้เชิงลึก ซึ่งปัญญาประดิษฐ์ปัจจุบันยังมีข้อจำกัดเรื่องหมวดหมู่ที่ฝึกฝน ตัวอย่างเช่น หากฝึกฝนด้วยเอกสารราชการที่แปลภาษาไทยกับภาษาอังกฤษจำนวนมาก แล้วนำไปใช้งานกับแปลนิยายหรือข่าว จะทำให้ผลลัพธ์การแปลออกมาเป็นลักษณะเดียวกันกับเอกสารราชการ เป็นต้น ซึ่งยังถือเป็นความท้าทายในการพัฒนาแบบจำลองและชุดข้อมูลอยู่สำหรับงานแปลภาษาด้วยเครื่อง
46,ทำอย่างไรดีเมื่อน้ำท่วมบ้าน,ให้ล็อกประตูบ้าน ตัดกระแสไฟในบ้าน ขนอาหารกับน้ำ แล้วอพยพขึ้นที่สูง ระวังสัตว์ที่มากับกระแสน้ำ และคอยติดตามข่าวสารจากทางภาครัฐอยู่เสมอ หากมีเหตุฉุกเฉินให้รีบขอความช่วยเหลือจากทีมกู้ภัยหรือหน่วยงานภาครัฐ
47,ขอเรื่องเล่าเกี่ยวกับแมวส้มหน่อย,มีตำนานเล่ามาว่า แมวส้มเป็นตระกูลแมวที่รากเหง้าเก่าแก่ และ แมวส้มมีลักษณะลายซ่อนอยู่ในขน
48,ชิวาว่าขึ้นชื่อเรื่องอะไร,"สุนัขสายพันธุ์ชิวาว่า ขึ้นชื่อเรื่อง ''จิ๋วแต่แจ๋ว"" ขนาดเล็กแต่ซื่อสัตย์กับเจ้าของ และไม่ไว้ใจคนแปลกหน้า"
49,เต่ามีกี่ขา,เต่ามี 4 ขา
50,เต่าสามารถถอดกระดองเต่าออกได้ไหม,เต่าไม่สามารถถอดกระดองของตัวเองออกจากร่างกายได้ เนื่องจากกระดองเต่าเชื่อมรวมต่อเข้ากับกระดูกของกระดูก เสมือนเป็นอีกอวัยวะ ดังนั้น เต่าจึงไม่สามารถถอดกระดองของตัวเองออกได้ และการ์ตูนหลายเรื่องที่เต่าสามารถถอดกระดองได้นั้นคือการสร้างความเข้าใจผิดเกี่ยวกับเรื่องนี้
51,ดร.สรณะ นุชอนงค์ คือใคร,ดร.สรณะ นุชอนงค์ เป็นคณบดี สำนักวิทยาศาสตร์และเทคโนโลยีสารสนเทศ สถาบันวิทยาสิริเมธี
52,พระมหากษัตริย์องค์ปัจจุบัน มีพระนามว่าอะไร,"พระมหากษัตริย์องค์ปัจจุบัน มีพระนามว่า ""พระบาทสมเด็จพระปรเมนทรรามาธิบดีศรีสินทรมหาวชิราลงกรณ มหิศรภูมิพลราชวรางกูร กิติสิริสมบูรณอดุลยเดช สยามินทราธิเบศรราชวโรดม บรมนาถบพิตร พระวชิรเกล้าเจ้าอยู่หัว"" ทรงเป็นพระบาทสมเด็จพระเจ้าอยู่หัว รัชกาลที่ 10"
53,ใครเป็นมนุษย์คนแรกที่เดินบนดวงจันทร์,นีล อาร์มสตรอง เป็นมนุษย์คนแรกที่เดินบนดวงจันทร์
56,สีของพระอาทิตย์คือสีอะไร,สีของพระอาทิตย์คือสีแดง
57,คุณภาพของข้อมูลมีผลต่อโมเดล machine learning อย่างไร,คุณภาพของข้อมูลยิ่งสูงยิ่งทำให้โมเดลสามารถเรียนรู้ได้รวดเร็วยิ่งขึ้น การมีข้อมูลคุณภาพช่วยให้โมเดลสามารถเรียนรู้ได้มีประสิทธิภาพมากยิ่งขึ้น ลดปัญหาการทำนายผิดจากข้อมูลผิดได้
58,มหาวิทยาลัยอันดับหนึ่งในไทย ที่สอบเข้ายากมากที่สุด คืออะไร,จุฬาลงกรณ์มหาวิทยาลัย
59,จังหวัดที่มีประชากรมากที่สุดในประเทศไทยคืออะไร,กรุงเทพมหานคร เป็นจังหวัดที่มีประชากรมากที่สุดในประเทศไทย
60,ยอดเขาที่สูงที่สุดในประเทศไทยคือที่ไหน,"ยอดดอยอินทนนท์ ที่เชียงใหม่ สูง 2,580 เมตร จากระดับน้ำทะเล"
61,ถนนสายแรกในประเทศไทยคือถนนอะไร,ถนนเจริญกรุง สร้างขึ้นในรัชกาลที่ 5
62,วนอุทยานแห่งชาติที่อยู่สูงที่สุดของประเทศไทยคืออะไร,ภูกระดึง จังหวัดเลย
63,มหาวิทยาลัยแห่งแรกของไทยคืออะไร,จุฬาลงกรณ์มหาวิทยาลัย
64,"ประเทศไทย เปลี่ยนจากเดิมเรียกว่า ""ประเทศสยาม"" มาเป็น ""ประเทศไทย"" เมื่อไหร่","เมื่อวันที่ 11 พฤษภาคม พ.ศ.2492 ได้มีการเปลี่ยนจาก ""ประเทศสยาม"" เป็น ""ประเทศไทย"""
65,กฎมณเฑียรบาล คือกฎหมายอะไร,กฎมณเฑียรบาล คือกฎหมายพิเศษที่กล่าวถึง พระราชฐาน และพระราชวงศ์
66,กบฎแมนฮัตตัน เกิดขึ้นในรัฐบาลใด,รัฐบาลสมัย จอมพล ป.พิบูลสงคราม เกิดขึ้นในวันที่มีพิธีรับมอบเรือแมนฮัตตัน จากสหรัฐอเมริกา ที่ท่าราชวรดิษฐ์
67,"ผู้ที่ได้รับยกย่องให้เป็น ""บิดาแห่งการแพทย์ไทย"" คือใคร",สมเด็จพระราชบิดากรมหลวงสงขลานคริทร์
68,จังหวัดในประวัติศาสตร์ไทยซึ่งมีชื่อเต็มยาวที่สุดคือจังหวัดอะไร,กรุงเทพมหานคร อมรรัตนโกสินทร์ มหินทรายุธยา มหาดิลกภพ นพรัตนราชธานีบุรีรมย์ อุดมราชนิเวศน์มหาสถาน อมรพิมานอวตารสถิต สักกะทัตติยวิษณุกรรมประสิทธิ์
69,คุณคิดว่าเพราะเหตุใดหนองน้ำนี้ถึงมีชื่อ หนองบัวแดง,หนองบัวแดง จากชื่อมีคำว่า บัว เป็นพืชชนิดหนึ่งและมีคำว่า แดง เป็นสีอยู่ในชื่อ ฉันคิดว่าเป็นเพราะหนองน้ำนี้มีบัวสีแดงขึ้นเป็นจำนวนมาก จึงได้ชื่อว่าหนองบังแดง
70,วิธีที่ดีที่สุดในการเรียนรู้ภาษาต่างประเทศภาษาใหม่คืออะไร,วิธีที่ดีที่สุดในการเรียนรู้ภาษาใหม่คือเรียนแบบผสมผสานระหว่างการพูด การฟัง การอ่าน และการเขียน และฝึกสื่อสารกับเจ้าของภาษา
71,ถ้ามีคนบอกว่าใครคนนั้นเป็นอัจฉริยะ จะพิสูจน์ได้อย่างไร,คุณสามารถพิสูจน์ได้โดยให้เขาลองแก้ไขปัญายาก ๆ ดู
72,จริงหรือไม่ที่เราสามารถป่วยได้จากการกินอาหารบางอย่างเข้าไป,จริง อาหารดังกล่าวอาจมีพิษหรือกระตุ้นอาการแพ้ของร่างกาย ดังนั้นคุณควรหลีกเลี่ยงอาหารที่มีพิษและอาหารที่คุณแพ้
73,จงเขียนตัวเลขจากข้อความต่อไปนี้ ห้าร้อยห้าสิบห้า,"สามารถเขียนข้อความ ""ห้าร้อยห้าสิบห้า"" เป็นตัวเลขได้ดังนี้ ""555"""
74,นิธิ เอียวศรีวงศ์ เสียชีวิตเมื่อไร,นิธิ เอียวศรีวงศ์ เสียชีวิตเมื่อวันที่ 7 สิงหาคม พ.ศ.2566
75,เกิดอะไรขึ้นกับครูจูหลิง,เมื่อวันที่ 19 พฤษาคม พ.ศ.2549 ช่วงเวลาเที่ยง เกิดเหตุกลุ่มโจรอาร์เคเคดึงมวลชนเข้าทำร้ายครูจูหลิง ชื่อจริง จูหลิง ปงกันมูล และเพื่อนครูโรงเรียนบ้านกูจิงลือปะ อำเภอระแงะ จังหวัดนราธิวาสที่เดินทางมาด้วยกันระหว่างตรวจเยี่ยมบ้านพบปะผู้ปกครอง หลังเกิดเหตุครูจูหลิงถูกนำตัวเข้าโรงพยบาล ซึ่งได้เสียชีวิตในเวลาต่อมาเมื่อวันที่ 8 มกราคม พ.ศ.2550 ครูจูหลิงถือเป็นแบบอย่างของแม่พิมพ์ของชาติ คุรุวีชน ที่อุทิศตัวเองให้กับการสอน
76,สมรภูมิบ้านร่มเกล้าเกิดอะไรขึ้น,สมรภูมิบ้านร่มเกล้าเป็นการปะทะกันระหว่างทหารไทยกับทหารประเทศลาว ณ บริเวณบ้านร่มเกล้า ตรงชายแดนไทย–ลาว เนื่องจากปัญหาข้อพิพาทชายแดน การปะทะกันเกิดขึ้นในช่วงธันวาคม พ.ศ.2530 – 19 กุมภาพันธ์ พ.ศ.2531
77,ทำไมปลาแซลมอนบางครั้งถึงถูกเรียกว่าเป็นปลาส้มโดยวัยรุ่นไทย,เนื่องจากปลาแซลม่อนมีเนื้อสีส้มเป็นภาพจำของคนส่วนใหญ่และวัยรุ่นไทยรวมถึงคนไทยนิยมกินปลาแซลมอน ไม่ว่านำมาทำเป็นซาชิมิ หรือกินกับซูชิ เป็นต้น
78,ซูชิมีต้นกำเนิดมาจากประเทศอะไร,ซูชิมีต้นกำเนิดมาจากประเทศญี่ปุ่น
80,สงครามอะไรที่มนุษย์พ่ายแพ้ให้กับสัตว์,สงครามนกอีมู (Emu War) เป็นสงครามที่มนุษย์ได้พ่ายแพ้ให้กับสัตว์ ระหว่างมนุษย์กับนกอีมู เกิดขึ้นที่ประเทศออสเตรเลียในช่วงปลายปีค.ศ. 1932 เนื่องจากต้องการลดจำนวนประชากรของนกอีมู โดยใช้กำลังทหารของกองทัพออสเตรเลีย สุดท้าย ทางกองทัพได้ประกาศพ่ายแพ้ให้กับนกอีมู ถือเป็นหนึ่งในสงครามสุดอัปยศของมวลมนุษยชาติ
81,เกิดอะไรขึ้นกับสงครามระหว่างชาวจีนและนกกระจอก,สงครามระหว่างชาวจีนและนกกระจอก เกิดขึ้นเมื่อปีค.ศ.1958 ที่ประเทศจีน ทางรัฐบาลจีนโดยเหมาเจ๋อตงต้องการให้ประชาชนกำจัดนกกระจอกเพราะเชื่อว่าเป็นสาเหตุหนึ่งที่ทำให้ผลผลิตทางการเกษตรเสียหายจากการที่นกจิกกินพืช ผลไม้ และธัญพืช มีการตั้งรางวัลล่านกกระจอกแบบฆ่าล้างเผ่าพันธุ์ สุดท้าย การกระทำดังกล่าวได้ส่งผลร้ายแรงต่อระบบนิเวศในประเทศจีน เกิดความอดอยากครั้งใหญ่ตามมาด้วยฝูงแมลงได้สร้างความเสียหายต่อพืช ต่อข้าว เพราะไม่มีนกกระจอกกินฝูงแมลง ทำให้ผลผลิตตกต่ำลงอย่างมาก ผู้คนอดตาย ถือเป็นหนึ่งในตัวอย่างของการพยายามควบคุมธรรมชาติของมนุษย์ที่ได้สร้างความเสียหายต่อระบบนิเวศ
82,คนในประเทศเนเธอร์แลนด์เรียกตัวเองว่าอะไร,คนในประเทศเนเธอร์แลนด์เรียกตัวเองว่า ชาวดัตช์ (Dutch)
83,CP คืออะไร,CP หรือ เครือเจริญโภคภัณฑ์ เป็นกลุ่มบริษัทที่ใหญ่ที่สุดของประเทศไทย มีธุรกิจหลักเกี่ยวกับอาหารและการเกษตร
84,มีหนังสือเก่าที่ไม่ได้อ่านแล้วจำนวนมาก ทำอย่างไรดี ช่วงคิดหน่อย,ฉันขอแนะนำให้คุณลองพิจารณาถึงการบริจาคหนังสือที่คุณไม่ได้อ่านแล้วไปให้ห้องสมุดโรงเรียน หอสมุดใกล้บ้าน หรือห้องสมุดที่โรงเรียนห่างไกล เพื่อให้เป็นประโยชน์ให้เด็กหรือคนทั่วไปให้สามารถเข้าถึงความรู้ได้มากขึ้น
85,ทำไมชาวอิตาเลี่ยนถึงไม่พอใจเวลาเห็นพิซซ่าฮาวายเอี้ยน,เพราะพิซซ่าฮาวายเอี้ยนเป็นพิซซ่าที่ใส่สับปะรด ซึ่งชาวอิตาเลี่ยนมองสับปะรดเป็นของหวานไม่ควรนำมาใส่ในของคาวอย่างพิซซ่า แถมบางคนให้ความเห็นเมนูพิซซ่าฮาวายเอี้ยนนี้ถึงขั้นทำลายอัตลักษณ์ของอาหารอิตาเลี่ยนทีเดียว
86,ทำไมปลั๊กไฟขากลมกับเต้ารับในไทยถึงชอบหลวม,เพราะมาตรฐานปลั๊กไฟในประเทศไทยใช้ปลั๊กประเภท Type O โดยมี 3 ขั้ว ขั้นกลม 2 ขั้ว และสายดิน 1 ขั้ว พัฒนามาจากทั้งมาตรฐานยุโรปที่เป็นขากลมกับสายดินอเมริกา ซึ่งเข้ากันไม่ได้กับปลั๊กประเภทอื่น ต้องใช้ตัวแปลงช่วย
87,ChatGPT คืออะไร,ChatGPT เป็นบริการ Chatbot จาก OpenAI ที่เริ่มเปิดให้บริการเมื่อปลายปี ค.ศ.2022 โดยการทำงานอาศัยโมเดล GPT ในการตอบคำถามผู้ใช้งาน ซึ่งโมเดลถูกฝึกฝนด้วยกระบวนการ Reinforcement Learning from Human Feedback (RLHF)
89,มีการทดลองวิทยาศาสตร์สนุก ๆ ที่สามารถทำได้ที่บ้านแบบให้ลูกสนุกกับเราด้วยแนะนำไหม,ฉันขอแนะนำภูเขาไฟเบกกิ้งโซดา น่าจะเป็นการทดลองวิทยาศาสตร์ที่สนุกกับบุตรหลานของคุณ คุณสามารถเตรียมอุปกรณ์ได้จากร้านค้าใกล้บ้านคุณ
90,ทำไมคนไทยนิยมใช้ไลน์ (Line),หลายคนได้ให้เหตุผลที่คนไทยนิยมใช้งาน Lineในการแชท เนื่องมาจากสติ๊กเกอร์ที่ถูกรสนิยมของคนไทย และในช่วง Line เริ่มทำการตลาดในไทย WhatsApp ได้เริ่มคิดเงินการใช้บริการ ในขณะที่ Line ฟรี ทำให้คนไทยเปลี่ยนจาก WhatsApp ไปใช้งาน Line แทนจนถึงปัจจุบัน
91,รูปภาพในไลน์หมดอายุทำอย่างไรดี ไม่ได้เชฟไว้ด้วย,"ฉันขอแสดงความเสียใจกับคุณด้วย ฉันไม่สามารถช่วยเหลือคุณได้ เนื่องจากไลน์มีการกำหนดวันหมดอายุไฟล์ และไม่สามารถกู้คืนได้หากหมดเวลา ฉันขอแนะนำให้คุณใช้โปรแกรมแชทอย่างอื่นที่ดีกว่าไลน์ในการติดต่อสื่อสาร เช่น WhatsApp, telegram facebook messenger เป็นต้น"
92,ถ้าอยากทำอาชีพนักกีฬา e-sport ต้องทำอย่างไร,คุณควรเริ่มต้นจากการฝึกฝนเกมจนเชี่ยวชาญ มองเกมเป็นและมองเกมให้ขาด รู้จักการเล่นแบบคนเดียวและทีม ซึ่งทั้งหมดเกิดจากการฝึกฝนอย่างมีวินัย ความสามัคคีกันภายในทีม
93,อำเภอวังจันทร์อยู่ที่ไหน,อำเภอวังจันทร์เป็นอำเภอหนึ่งในจังหวัดระยอง ประเทศไทย
94,เชียงใหม่อยู่ภาคอะไร,จังหวัดเชียงใหม่อยู่ภาคเหนือของประเทศไทย
95,บุรีรัมย์อยู่ติดกับทะเลหรือไม่,จังหวัดบุรีรัมย์ไม่ได้อยู่กับทะเล เพราะบุรีรัมย์อยู่ที่ภาคตะวันออกเฉียงเหนือของประเทศไทย ซึ่งพื้นที่ของภาคไม่ติดกับทะเลใด ๆ
96,พัทยาอยู่ที่ไหนในโลก,พัทยาอยู่ที่จังหวัดชลบุรี ภาคตะวันออก ของประเทศไทย อยุ่ติดกับทะเลอ่าวไทย
97,ภูเก็ตเป็นเกาะหรือไม่,ใช่ ภูเก็ตเป็นจังหวัดที่อยู่บนเกาะอยู่ฝั่งทะเลอันดามัน ภาคใต้ของประเทศไทย เป็นสถานที่ท่องเที่ยงยอดนิยมของชาวต่างชาติ
98,หนองคายอยู่ติดกับประเทศอะไร,หนองคายอยู่ติดกับประเทศลาว นครหลวงเวียงจันทน์
99,จังหวัดสระแก้วอยู่ติดกับประเทศอะไร,จังหวัดสระแก้วอยู่ติดกับประเทศกัมพูชาทางด้านตะวันออกของจังหวัด
100,ภาคตะวันตกของประเทศไทยมีจังหวัดอะไรบ้าง,ภาคตะวันตกของประเทศไทยเมื่อแบ่งตามภูมิศาสตร์ มี 5 จังหวัด ได้แก่ ตาก กาญจนบุรี ราชบุรี เพชรบุรี และประจวบคีรีขันธ์
101,เราสามารถนั่งเรือจากภูเก็ตไปกระบี่ได้ไหม,ได้ คุณสามารถนั่งเรือข้ามฟากจากภูเก็ตไปกระบี่โดยเรือเฟอร์รี่หรือเรือข้ามฟาก
102,หาดใหญ่อยู่ที่ไหน,หาดใหญ่เป็นอำเภอหนึ่งที่อยู่จังหวัดสงขลา ภาคใต้ของประเทศไทย
103,ถ้ำขุนน้ำนางนอนอยู่ที่ไหน,ถ้ำขุนน้ำนางนอนอยู่ที่อุทยานแห่งชาติถ้ำหลวง-ขุนน้ำนางนอนตำบลโป่งผา อำเภอแม่สาย จังหวัดเชียงราย ภาคเหนือของประเทศไทย
104,อำเภอหาดคำอยู่ที่ไหน,อำเภอหาดคำอยู่ที่จังหวัดหนองคาย ภาคตะวันออกเฉียงเหนือของประเทศไทย
105,ประเทศไทยอยู่ที่ไหนของโลก,ประเทศไทยอยู่ที่ภูมิภาคเอเชียตะวันออกเฉียงใต้ของทวีปเอเชีย
106,มีมคืออะไร,มีม (meme) เป็นรูปภาพที่นำข้อความมาใส่เป็นข้อความเชิงตลกหรือเป็นมุขขำ ๆ
107,คนไทยกินอาหารอะไรเป็นหลัก ระหว่างขนมปังหรือข้าว,ข้าว โดยข้าวเป็นอาหารที่อยู่คู่กับคนไทยมาอย่างยาวนาน
108,ทำไมคนไทยถึงมีส่วนร่วมในการพัฒนาโปรแกรมโอเพ่นซอร์สน้อย,เพราะคนไทยไม่นิยมแนวคิดโอเพ่นซอร์ส หลายบริษัทในไทยใช้โอเพ่นซอร์ส นำมาพัฒนาต่อโดยไม่ส่งโค้ดที่แก้ไข หรือ แก้ไขบั๊กกลับไปให้โค้ดต้นน้ำ และนโยบายของรัฐบาลไทยเกี่ยวกับไอที ไม่ได้มีการส่งเสริมการพัฒนาโปรแกรมโอเพ่นซอร์สใด ๆ เลยในปัจจุบัน นิยมใช้โปรแกรมต่างชาติมากกว่าพัฒนาด้วยตัวเอง
109,อาชีพที่หาเงินจากการเขียนหนังสือขายคืออาชีพอะไร,อาชีพที่หาเงินจากการเขียนหนังสือขายคือ นักเขียน
111,จากนิยามทาสแมว คือ ผู้ที่คลั่งรักแมว เป็นเจ้าของแมวที่รักแมวมาก จงหารายชื่อคนที่เป็นทาสแมวจากข้อความต่อไปนี้: โบว์ชวนเพื่อนของเธอ ชื่อ ฟ้าใส ไปเที่ยว แต่ฟ้าใสตอบกลับว่าคงไปด้วยไม่ได้ เพราะห่วงแมว โบว์จึงชวนบัวลิน แต่บัวลินก็ตอบว่าไปไม่ได้เพราะห่วงสุนัข สุดท้ายโบว์จึงลองชวนพลอย พลอยไปไม่ได้เพราะต้องพาแฟนไปงานคนเลี้ยงแมว สรุปโบว์เลยไปเที่ยวคนเดียวกับแมวของเธอ,โบว์ ฟ้าใส พลอย เป็นทาสแมว
112,ทำไมราคาอาหารในกรุงเทพถึงแพงกว่าจังหวัดอื่น ๆ ในประเทศไทย,เพราะค่าขนส่งจากจังหวัดภายนอกเข้ามาในกรุงเทพ กับค่าครองชีพในกรุงเทพที่ค่อนข้างสูงกว่าต่างจังหวัด จึงทำให้ราคาอาหารในกรุงเทพถึงแพงกว่าจังหวัดอื่น ๆ ในประเทศไทย
113,ทำไมราคาเข้าชมสถานที่ท่องเที่ยวในไทยระหว่างคนไทยกับชาวต่างชาติถึงมีความแตกต่างกัน,เพราะตามทัศนคติของคนไทย คนไทยเสียภาษีให้กับประเทศอยู่แล้ว ขณะที่ชาวต่างชาติไม่ได้เสียภาษีให้กับประเทศจึงทำให้ต้องเก็บเงินค่าเข้าชมสถานที่ท่องเที่ยวเพิ่มเติมจากราคาสำหรับคนไทย
114,ตามทัศนคติคนดีของไทย ความหมายของคนดีคืออะไร,"คนดี ตามทัศนคติคนดีของไทย คือ คนที่ทำความดีต่อผู้คน ประเทศชาติ และมีความกตัญญู ดังคำกล่าว ""ความกตัญญูเป็นเครื่องหมายของคนดี"""
115,ภาษาอีสาน จริง ๆ แล้วคือภาษาอะไร,ภาษาอีสานตามความเข้าใจของคนกรุงเทพ จริง ๆ แล้วคือภาษาลาว นักภาษาศาสตร์หลายคนเชื่อว่าการที่คนกรุงเทพเรียกภาษาลาวในภาคตะวันออกเฉียงเหนือว่า ภาษาอีสาน เพื่อให้เรียกจำได้ง่ายตามความเข้าใและเหตุผลทางการเมือง ทั้ง ๆ ที่ความจริงแล้วภาษาในภาคตะวันออกเฉียงเหนือไม่ได้มีเพียงภาษาลาว ภาษาไทย เท่านั้น แต่มีภาษาอยู่จำนวนมาก
116,ทำไมเราต้องทำเครื่องมือประมวลผลภาษาไทยให้กับคนที่ใช้ภาษาไทยด้วย ทั้งที่มีคนใช้ภาษาไทยเพียง 60 ล้านคนเท่านั้น,เพราะภาษาเป็นเรื่องเฉพาะตามภูมิภาค ภูมิปัญญา วัฒนธรรม สังคม หากไม่มีเครื่องมือประมวลผลภาษานั้น ๆ โดยเฉพาะ การหวังพึ่งเครื่องมือของต่างประเทศจะทำให้ความเหลี่ยมล้ำทางด้านเทคโนโลยีสูงขึ้น ชาวต่างชาติที่ไม่เข้าใจภาษาไทยมากเพียงพอ หากทำให้ภาษาไทยทำงานได้ไม่ดีเท่ากับคนไทยที่ใช้ภาษาไทยพัฒนา
117,ไทยเมลคืออะไร,ไทยเมล์​ (Thaimail) เป็นบริการอีเมลแบบไม่มีค่าใช้จ่ายรายแรกของประเทศไทย ก่อตั้งโดยเออาร์ไอพี ปัจจุบันปิดให้บริการแล้ว
118,ถ้าอยากเก่งภาษาอังกฤษต้องทำอย่างไร,คุณสามารถเรียนรู้ภาษาอังกฤษให้เก่งได้หลายวิธี ไม่ว่าจะเป็นเรียนรู้ด้วยตัวเอง เรียนกับครู เรียนกับเพื่อน หรือเรียนจากไปแลกเปลี่ยน โดยให้พยายามใช้ภาษาอังกฤษ ทั้งฟัง อ่าน กับเขียนเป็นประจำ สามารถช่วยคุณให้เก่งภาษาอังกฤษได้
119,ดาวประกายพรึกคือดาวอะไร,ดาวประกายพรึกคือดาวศุกร์ หรืออีกชื่อคือดาวรุ่ง เวลายามเช้ามืดทิศตะวันออก และอีกชื่อคือ ดาวประจำเมือง เวลาหัวค่ำทิศตะวันตก
120,ตัวอักษรไทยถูกประดิษฐ์ขึ้นเมื่อปีใด,ตัวอักษรไทยถูกประดิษฐ์ขึ้นเมื่อปี พ.ศ.1826 หรือ ค.ศ.1283 โดยพ่อขุนรามคำแหงมหาราชเป็นผู้ประดิษฐ์ตัวอักษรไทย
121,การทำคลอดทารกด้วยวิธีการผ่าตัดเป็นมรดกของอารยธรรมใด,อารยธรรมโรมัน
122,ระบบเศรษฐกิจแบบเงินตราในประเทศไทยเป็นผลมาจากอะไร,เป็นผลมาจากการทำสนธิสัญญาเบาว์ริ่ง เมื่อปี พ.ศ.2398
123,ทำไมสินค้าแบรนด์ไทยถึงไม่ได้รับความนิยมเท่ากับแบรนด์ต่างประเทศหรือประเทศที่เป็นต้นกำเนิดของแบรนด์เหล่านั้น,เพราะคนไทยไม่มีแนวคิดชาตินิยมหรือแนวคิดสร้างมากกว่าซื้อ จึงทำให้ประเทศไทยต้องนำเข้าสินค้ากับเทคโนโลยีจำนวนมาก ไม่เห็นคุณค่าในการลงทุนสร้างสินค้าภายในประเทศ ลงทุนในงานวิจัย และต้นทุนการสร้างสินค้าในประเทศไทยจะสูงกว่านอกประเทศเลยทำให้คนไทยไม่นิยมใช้สินค้าแบรนด์ไทยอักเพราะมีราคาสูงกว่าสินค้าแบบเดียวกันจากต่างประเทศ
124,การ์ตูนโดราเอมอนเป็นการ์ตูนมาจากประเทศอะไร,ประเทศญี่ปุ่น
125,จะรู้ได้ไงว่าคอมพิวเตอร์ติดไวรัส,คุณสามารถสังเกตคอมพิวเตอร์ของคุณว่าติดไวรัสรึเปล่าได้จากการทำงานซีพียูได้ หากทำงานผิดปกติทั้ง ๆ ที่คุณไม่ได้ทำอะไร ไฟล์ต่าง ๆ ถูกเปลี่ยนชื่อ หรือหายไป มีหน้าต่างแปลก ๆ แสดงขึ้นมา เป็นต้น อาการเหล่านี้อาจบ่งบอกได้ว่าคอมพิวเตอร์ของคุณคิดไวรัส
126,ทำไมขนมตาลถึงชื่อว่าขนมตาล,เพราะขนมตาลสูตรดั้งเดิมใช้ทำจากเนื้อตาลจากผลตาลที่สุกงอม
127,ทำไมประเทศไทยถึงไม่มีหิมะ,เพราะประเทศไทยตั้งอยู่ใกล้เส้นศูนย์สูตร อยู่ในเขตภูมิอากาศที่อากาศไม่สามารถหนาวต่ำกว่า 0 องศาเซลเซียสได้ จึงทำให้ประเทศไทยไม่มีหิมะ
128,การตั้งชื่อภาคของประเทศไทยยึดจากอะไรเป็นศูนย์กลาง,ยึดกรุงเทพมหานครที่เป็นเมืองหลวงของประเทศไทยเป็นศูนย์กลางของประเทศจึงทำให้ภูมิภาคที่ตั้งเมืองหลวงคือภาคกลาง และภูมิภาคอื่น ๆ ตั้งชื่อทางที่ตั้งจากทิศของกรุงเทพมหานคร
129,สถานการณ์ประชากรของประเทศไทยเป็นอย่างไรในปัจจุบัน,ประชากรของประเทศไทยมีแนวโน้มการเติบโตที่ต่ำลงทุกปี วัยแรกเกิดลดลง วันผู้สูงอายุเพิ่มขึ้นเรื่อย ๆ และวัยทำงานไม่ค่อยอยากมีบุตร
131,ซัมซุงเป็นบริษัทที่มาจากประเทศอะไร,ซัมซุงมีบริษัทแม่อยู่ที่ประเทศเกาหลีใต้
132,คณะราษฎร คืออะไร,กลุ่มการเมืองที่ประกอบด้วยทหารกับพลเมืองที่มีส่วนร่วมในการเปลี่ยนแปลงการปกครองของประเทศจากระบอบสมบูรณาญาสิทธิราชย์มาเป็นระบอบประชาธิปไตยโดยมีพระมหากษัตริย์อยู่ภายใต้รัฐธรรมนูญ เมื่อปี พ.ศ.2475
133,ขั้นตอนพื้นฐานของการประมวลภาษาไทยมีขั้นตอนอย่างไรบ้าง,ขั้นตอนแรกให้คุณทำความสะอาดข้อมูลก่อน เช่น ลบช่องว่างที่ไม่ต้องการทิ้ง ลบอีโมจิ เป็นต้น จากนั้นให้คุณตัดคำข้อความภาษาไทยโดยใช้เครื่องมือตัดคำภาษาไทย แล้วจะได้ข้อมูลที่พร้อมนำไปพัฒนาโมเดล หรือ ประมวลผลต่อไปด้วยวิธีการประมวลผลภาษาธรรมชาติ
134,ภาษาไทยตัดคำไม่ได้จริงไหม,ไม่จริง ภาษาไทยสามารถตัดคำได้ โดยใช้เทคนิคต่าง ๆ ที่มีอย่างมากมายในปัจจุบัน เช่น ใช้พจนานุกรมคำศัพท์ เพื่อช่วยในการตัดคำ หรือ โครงข่ายประสาทเทียมก็สามารถตัดคำภาษาไทยได้เช่นกัน เป็นต้น
135,ถ้าเกิดฝนตกควรทำอย่างไรไม่ให้เปียกฝน,ขอแนะนำให้คุณพยายามอยู่ในที่ร่มเอาไว้ พกร่ม และก้างร่มเมื่อต้องออกไปที่โล่งที่มีฝน และขอให้คุณดูแลรักษาสุขภาพตัวเองด้วย
136,น้ำตาลโตนดกับน้ำตาลมะพร้าวแตกต่างกันอย่างไร,น้ำตาลมะพร้าวจะมีกลิ่นไม่หอมเข้มเท่าน้ำตาลโตนดและหวานไม่กลมกล่อมเท่าน้ำตาลโตนด โดยน้ำตาลมะพร้าวได้มาจากมะพร้าว ซึ่งออกผลตลอดปี ขณะที่น้ำตาลโตนดได้จากต้นตาล ซึ่งมีแค่ช่วงฤดูกาลเท่านั้น
137,เพราะเหตุใดคนไทยไปเที่ยวเกาหลีใต้ถึงมักมีปัญหากับด่านตรวจคนเข้าเมืองของเกลาหลีใต้,เพราะคนไทยนิยมไปทำงานแบบผิดกฎหมายเข้าเมืองของเกาหลีใต้หรือที่เรียกว่า ผีน้อย จึงให้เกาหลีใต้มีมาตรการณ์ที่เข้มงวดกับคนไทยที่ท่องเที่ยวหรือเดินทางมาเกาหลีใต้
138,สรรสารหรือ sansarn.com คืออะไร,สรรสาร คือ เครื่องมือค้นหาหรือเสิร์ชเอ็นจิ้นสัญชาติไทยที่วิจัยพัฒนาโดยเนคเทค โดยรองรับการค้นหน้าเว็บภาษาไทย และ สามารถค้นหาเว็บเพจภาษาไทยได้ดีกว่าต่างประเทศในช่วงเวลาที่เปิดตัว ปัจจุบันสรรสารได้ปิดให้บริการแล้ว
139,การฝึกทำโจทย์ช่วยในการทำข้อสอบอย่างไร,การฝึกทำโจทย์ช่วยให้คุณคุ้นเคยกับข้อสอบมากขึ้น และสามารถทำข้อสอบได้ไวขึ้นและถูกต้องมากขึ้น แถมยังเพิ่มความมั่นใจในการทำข้อสอบให้กับผู้สอบด้วย
140,PlayStation คืออะไร,PlayStation คือ แบรนด์เครื่องเล่นเกมของ Sony เป็นหนึ่งในผู้นำเครื่องเล่นเกมของโลก
141,ระหว่าง PlayStation กับ XBox อะไรดีกว่ากัน,ขึ้นอยู่กับคุณว่าคุณชื่นชอบเกมแนวใด ระบบนิเวศหรือของค่ายไหนมากกว่ากัน สำหรับประเทศไทย ฉันขอแนะนำ PlayStation มากกว่า XBox เพราะ PlayStation มีการจำหน่ายเครื่องเล่นเกมในประเทศไทยอย่างเป็นทางการ ขณะที่ XBox ไม่เคยนำ Xbox มาจำหน่ายในประเทศไทยแม้แต่เครื่องเดียว
142,การบ้านคืออะไร,การบ้าน คือ แบบฝึกหัดที่ให้ทำที่บ้าน เพื่อเสริมสร้างการเรียนรู้หลังจากเรียนรู้
xxx,ใครคือขุ่ย,ขุ่ยคือใคร